Date,Name,Year,Letterboxd URI,Rating,Rewatch,Tags,Watched Date
2025-09-22,Everything Everywhere All at Once,2022,https://boxd.it/b94i9d,4.5,,,2022-11-19
2025-09-22,Spider-Man: Across the Spider-Verse,2023,https://boxd.it/b94lsn,4.5,,,2024-04-24
2025-09-22,Get Out,2017,https://boxd.it/b94jkV,4,,,2024-05-04
2026-01-04,Red Rooms,2023,https://boxd.it/cpDK51,4,,,2024-08-16
2026-01-07,Titanic,1997,https://boxd.it/cuLKXt,3.5,,,2024-10-24
2025-09-22,Black Swan,2010,https://boxd.it/b94mcv,4.5,,,2024-11-22
2025-09-22,Lady Bird,2017,https://boxd.it/b94lYD,4,,,2025-01-02
2025-09-22,American Psycho,2000,https://boxd.it/b94kML,3.5,,,2025-01-06
2026-01-04,Coherence,2013,https://boxd.it/cpHmmF,5,,,2025-02-02
2026-01-04,Primer,2004,https://boxd.it/cpHBoL,3.5,,,2025-02-03
2025-09-22,The Truman Show,1998,https://boxd.it/b94iTv,4,,,2025-02-07
2025-09-22,10 Things I Hate About You,1999,https://boxd.it/b94lGJ,3,,,2025-02-22
2026-01-04,Top Gun: Maverick,2022,https://boxd.it/cpDMBt,4,,,2025-03-07
2025-09-22,Whiplash,2014,https://boxd.it/b94ilt,4,,,2025-03-22
2026-01-04,Frank,2014,https://boxd.it/cpI4fN,4,,,2025-04-11
2025-09-26,Black Mirror: Eulogy,2025,https://boxd.it/bbdpIZ,5,,,2025-04-26
2026-01-04,Fight Club,1999,https://boxd.it/cpDLtX,3.5,Yes,,2025-07-02
2026-01-04,A Ghost Story,2017,https://boxd.it/cpF4DT,5,,,2025-08-29
2025-09-22,Parasite,2019,https://boxd.it/b94ejj,4.5,,,2025-09-22
2025-09-22,Interstellar,2014,https://boxd.it/b94hF3,5,,,2025-09-22
2025-09-22,Fight Club,1999,https://boxd.it/b94hPx,3.5,,,2025-09-22
2025-09-22,Eternal Sunshine of the Spotless Mind,2004,https://boxd.it/b94j3v,4.5,,,2025-09-22
2025-09-22,Spider-Man: Into the Spider-Verse,2018,https://boxd.it/b94jTh,4.5,,,2025-09-22
2025-09-22,Midsommar,2019,https://boxd.it/b94k1Z,3,,,2025-09-22
2025-09-22,Sinners,2025,https://boxd.it/b94kih,3,,,2025-09-22
2025-09-22,Knives Out,2019,https://boxd.it/b94l6r,3.5,,,2025-09-22
2025-09-22,Gone Girl,2014,https://boxd.it/b94mx9,3.5,,,2025-09-22
2025-09-22,Anora,2024,https://boxd.it/b94n2h,4,,,2025-09-22
2025-09-28,Spirited Away,2001,https://boxd.it/bcuzU5,4.5,,,2025-10-09
2026-01-26,The '70s,2002,https://boxd.it/cQ1icP,4,,,2025-10-14
2025-10-23,Pearl,2022,https://boxd.it/bs6cCD,4,,,2025-10-22
2025-10-23,Behind Her Eyes,2021,https://boxd.it/bs6dAX,4,,,2025-10-22
2025-10-23,Me and Earl and the Dying Girl,2015,https://boxd.it/bs6gdd,5,,,2025-10-22
2025-10-24,Past Lives,2023,https://boxd.it/bsFwm1,5,,,2025-10-23
2026-06-20,Fear Street: Prom Queen,2025,https://boxd.it/eR2lYf,0.5,,,2025-11-19
2026-01-04,Aftersun,2022,https://boxd.it/cpDxql,5,,,2025-11-22
2025-09-22,Weapons,2025,https://boxd.it/b94pN5,3.5,,,2025-11-23
2025-12-05,Bugonia,2025,https://boxd.it/bVJyId,4.5,,,2025-12-04
2025-12-11,Scott Pilgrim vs. the World,2010,https://boxd.it/c0u2IF,4,,,2025-12-11
2026-01-04,Wake Up Dead Man,2025,https://boxd.it/cpIc6T,4,,,2025-12-13
2026-01-04,Kill Bill: Vol. 1,2003,https://boxd.it/cpDsdr,4.5,,,2025-12-18
2026-01-04,Kill Bill: Vol. 2,2004,https://boxd.it/cpEByl,4.5,,,2025-12-22
2026-01-04,Eternity,2025,https://boxd.it/cpDBJL,4.5,,,2025-12-28
2026-01-04,Sentimental Value,2025,https://boxd.it/cpD5FR,4,,,2026-01-01
2026-01-04,Stranger Things 5: The Finale,2025,https://boxd.it/cpH2SV,3.5,,,2026-01-01
2026-01-04,Jingle Bell Heist,2025,https://boxd.it/cpD1jn,2,,,2026-01-02
2026-01-04,One Battle After Another,2025,https://boxd.it/cpDfFH,4,,,2026-01-02
2026-01-04,Little Miss Sunshine,2006,https://boxd.it/cpCAED,4.5,,,2026-01-03
2026-01-04,The Chalk Line,2022,https://boxd.it/cqXgeV,3,,,2026-01-04
2026-01-06,Dune,2021,https://boxd.it/csSrf9,3.5,,,2026-01-04
2026-01-06,Dune: Part Two,2024,https://boxd.it/csSsXr,4.5,,,2026-01-05
2026-01-07,Catch Me If You Can,2002,https://boxd.it/cu7uzl,4,,,2026-01-06
2026-01-07,Spider-Man 2,2004,https://boxd.it/cuLPej,3.5,,,2026-01-07
2026-01-07,It Ends,2025,https://boxd.it/cuRv9Z,4,,,2026-01-07
2026-01-09,Taxi Driver,1976,https://boxd.it/cwoxjH,3.5,,,2026-01-08
2026-01-10,The Silence of the Lambs,1991,https://boxd.it/cxsS8x,4.5,,,2026-01-09
2026-01-11,Me Before You,2016,https://boxd.it/cyC8kL,3.5,,,2026-01-10
2026-01-12,(500) Days of Summer,2009,https://boxd.it/czZXvb,4.5,,,2026-01-11
2026-01-13,Novocaine,2025,https://boxd.it/cBhlUn,3,,,2026-01-12
2026-01-13,Back to the Future,1985,https://boxd.it/cCg04n,3.5,,,2026-01-13
2026-01-15,Burn After Reading,2008,https://boxd.it/cDmqBD,1.5,,,2026-01-14
2026-01-16,The Prestige,2006,https://boxd.it/cEkOnF,5,,,2026-01-15
2026-01-17,Juno,2007,https://boxd.it/cFfrSf,4.5,,,2026-01-16
2026-01-19,It's What's Inside,2024,https://boxd.it/cI4f5v,4,,,2026-01-17
2026-01-21,The Fantastic 4: First Steps,2025,https://boxd.it/cJLCzN,3.5,,,2026-01-18
2026-01-22,Back to the Future Part II,1989,https://boxd.it/cKIyDT,3.5,,,2026-01-18
2026-01-20,Oldboy,2003,https://boxd.it/cJAZU3,5,,,2026-01-19
2026-01-21,Ex Machina,2015,https://boxd.it/cJOXT1,3.5,,,2026-01-20
2026-01-23,Birdman or (The Unexpected Virtue of Ignorance),2014,https://boxd.it/cMplPR,4.5,,,2026-01-21
2026-01-25,50/50,2011,https://boxd.it/cNxiKJ,4,,,2026-01-24
2026-01-27,Minari,2020,https://boxd.it/cQb8Q1,5,,,2026-01-26
2026-01-29,The Midnight Sky,2020,https://boxd.it/cSMYLT,2.5,,,2026-01-27
2026-01-30,Wonder Man,2026,https://boxd.it/cTat6N,3.5,,,2026-01-29
2026-02-01,100 METERS,2025,https://boxd.it/cV1rC3,3.5,,,2026-01-31
2026-02-03,Manchester by the Sea,2016,https://boxd.it/cXOi4x,4,,,2026-02-03
2026-02-03,Ordinary People,2016,https://boxd.it/cXZ7YL,4,,,2026-02-03
2026-02-07,The Wrecking Crew,2026,https://boxd.it/d0NN3b,2.5,,,2026-02-06
2026-03-10,Marty Supreme,2025,https://boxd.it/dsTzOh,5,,,2026-03-10
2026-03-14,If I Had Legs I'd Kick You,2025,https://boxd.it/dvcXmx,3.5,,,2026-03-13
2026-03-19,Lost in Translation,2003,https://boxd.it/dzEtPV,4,,,2026-03-18
2026-03-20,The Half of It,2020,https://boxd.it/dApWk7,4.5,,,2026-03-19
2026-03-21,The Grand Budapest Hotel,2014,https://boxd.it/dBbKEb,4.5,,,2026-03-20
2026-03-22,Sunshine,2007,https://boxd.it/dC2fMf,4.5,,,2026-03-21
2026-03-25,Project Hail Mary,2026,https://boxd.it/dF3F4x,4.5,,,2026-03-24
2026-03-26,The Shape of Water,2017,https://boxd.it/dFYfSl,4,,,2026-03-25
2026-03-29,Frequency,2000,https://boxd.it/dJhwed,3.5,,,2026-03-29
2026-03-31,Drive,2011,https://boxd.it/dKC27d,4,,,2026-03-30
2026-04-04,Send Help,2026,https://boxd.it/dO6VxR,4,,,2026-04-03
2026-04-05,The Witch,2015,https://boxd.it/dQ0xQL,4.5,,,2026-04-05
2026-04-10,Something Very Bad Is Going to Happen,2026,https://boxd.it/dU6P9D,4,,,2026-04-09
2026-04-26,Kung Fu Hustle,2004,https://boxd.it/e7wOlH,4.5,Yes,,2026-04-26
2026-05-03,Toy Story 3,2010,https://boxd.it/edk4AL,5,,,2026-05-03
2026-05-06,Shaolin Soccer,2001,https://boxd.it/efI4Vb,5,Yes,,2026-05-06
2026-05-07,The Perks of Being a Wallflower,2012,https://boxd.it/eg1B1t,5,,,2026-05-06
2026-05-09,The Drama,2026,https://boxd.it/ehnRqH,4,,,2026-05-08
2026-05-10,Die My Love,2025,https://boxd.it/eidDzJ,4,,,2026-05-09
2026-05-13,Anatomy of a Fall,2023,https://boxd.it/ekP76T,4.5,,,2026-05-12
2026-05-17,BEEF,2023,https://boxd.it/eoACkN,5,,,2026-05-17
2026-05-22,The Devil Wears Prada,2006,https://boxd.it/erYvTh,4,,,2026-05-21
2026-05-24,Woman in Stall,2018,https://boxd.it/euiDcj,3.5,,,2026-05-24
2026-05-25,Exit 8,2025,https://boxd.it/eupKgr,4,,,2026-05-24
2026-05-27,The Batman,2022,https://boxd.it/ewZJPZ,4,,,2026-05-27
2026-05-27,Deadpool & Wolverine,2024,https://boxd.it/ewZKlr,2.5,,,2026-05-27
2026-05-28,The Substance,2024,https://boxd.it/ex4SMl,5,,,2026-05-27
2026-06-01,Over Your Dead Body,2026,https://boxd.it/eAv8dZ,3.5,,,2026-05-31
2026-06-01,Thunderbolts*,2025,https://boxd.it/eBpAPf,4,,,2026-06-01
2026-06-05,Barbarian,2022,https://boxd.it/eE3g0f,4.5,,,2026-06-04
2026-06-05,Interstellar,2014,https://boxd.it/eEBT6T,5,Yes,,2026-06-05
2026-06-09,Perfect Blue,1997,https://boxd.it/eIEc93,5,,,2026-06-09
2026-06-11,Spider-Man: Into the Spider-Verse,2018,https://boxd.it/eKjYvH,5,Yes,,2026-06-11
2026-06-12,Spider-Man: Across the Spider-Verse,2023,https://boxd.it/eKqq6R,5,Yes,,2026-06-11
2026-06-14,Set It Up,2018,https://boxd.it/eLZOJd,3.5,,,2026-06-13
2026-06-17,Dumb Money,2023,https://boxd.it/eOGRln,3,,,2026-06-16
2026-06-18,Spider-Man: No Way Home,2021,https://boxd.it/ePrYip,4,,,2026-06-17
2026-06-19,Memento,2000,https://boxd.it/eQfEPN,4.5,,,2026-06-18
2026-06-24,Hokum,2026,https://boxd.it/eUE7R3,4,,,2026-06-23
2026-06-25,Michael,2026,https://boxd.it/eVrPzb,3.5,,,2026-06-24
2026-06-27,Wind River,2017,https://boxd.it/eXLSXj,4,,,2026-06-27
2026-06-30,Obsession,2025,https://boxd.it/f0EGrj,4.5,,,2026-06-30
2026-07-09,Jobs,2013,https://boxd.it/f9pQjl,2,,,2026-07-09
2026-07-12,Carolina Caroline,2025,https://boxd.it/fbpfQb,4,,,2026-07-11
2026-07-13,Requiem for a Dream,2000,https://boxd.it/fcpy95,5,,,2026-07-12
2026-07-19,Backrooms,2026,https://boxd.it/fjFBzP,4,,,2026-07-19
2026-07-23,Nirvanna the Band the Show the Movie,2025,https://boxd.it/fngHLN,5,,,2026-07-22
2026-07-24,The Worst Person in the World,2021,https://boxd.it/fornpN,4.5,,,2026-07-23
2026-07-26,Spider-Man: Homecoming,2017,https://boxd.it/fqEjJ9,3.5,Yes,,2026-07-25
2026-07-27,Spider-Man: Far From Home,2019,https://boxd.it/frX1TH,3,Yes,,2026-07-26
2026-07-29,Spider-Man: No Way Home,2021,https://boxd.it/fuBsgl,3.5,Yes,,2026-07-28
2026-07-29,Spider-Man: Brand New Day,2026,https://boxd.it/fvww2h,4,,,2026-07-29
2026-08-04,I Saw the Devil,2010,https://boxd.it/fCvrBd,4,,,2026-08-03
2026-08-06,Bones and All,2022,https://boxd.it/fEYH83,5,,,2026-08-05
2026-08-13,The Invite,2026,https://boxd.it/fO0k2B,5,,,2026-08-13
2026-08-14,Paprika,2006,https://boxd.it/fOb9m3,4,,,2026-08-13
2026-08-17,Leviticus,2026,https://boxd.it/fRvSuN,3.5,,,2026-08-16
2026-08-20,Black Mirror: San Junipero,2016,https://boxd.it/fUZklz,4.5,,,2026-08-19
2026-08-26,Blue Heron,2025,https://boxd.it/g1iXUF,5,,,2026-08-25
2026-08-29,Arrival,2016,https://boxd.it/g4Qd49,5,Yes,,2026-08-29
2026-09-01,Disclosure Day,2026,https://boxd.it/g7qLkZ,3.5,,,2026-08-31
2026-09-02,Her,2013,https://boxd.it/g8nhcf,4.5,,,2026-09-01
2026-09-05,Forbidden Fruits,2026,https://boxd.it/gaXeU9,3.5,,,2026-09-04
