Date,Name,Year,Letterboxd URI
2026-01-03,Zootopia 2,2025,https://boxd.it/F0vO
2026-01-03,The Godfather,1972,https://boxd.it/2aNK
2026-01-03,Schindler's List,1993,https://boxd.it/2aq2
2026-01-03,Good Will Hunting,1997,https://boxd.it/2ahY
2026-01-04,The Dark Knight,2008,https://boxd.it/2b0k
2026-01-04,Frankenstein,2025,https://boxd.it/Ecsg
2026-01-04,Uncut Gems,2019,https://boxd.it/gXGc
2026-01-04,Magnolia,1999,https://boxd.it/2aze
2026-01-04,The Wolf of Wall Street,2013,https://boxd.it/3C1m
2026-01-04,Shutter Island,2010,https://boxd.it/1U82
2026-01-04,Inception,2010,https://boxd.it/1skk
2026-01-07,The Shawshank Redemption,1994,https://boxd.it/2aHi
2026-01-07,Shōgun,2024,https://boxd.it/LciY
2026-01-07,GoodFellas,1990,https://boxd.it/29FA
2026-01-07,Pulp Fiction,1994,https://boxd.it/29Pq
2026-01-07,La La Land,2016,https://boxd.it/a5fa
2026-01-07,Django Unchained,2012,https://boxd.it/2cCk
2026-01-07,My Neighbor Totoro,1988,https://boxd.it/20eA
2026-01-07,The Iron Claw,2023,https://boxd.it/w5Pm
2026-01-19,2001: A Space Odyssey,1968,https://boxd.it/2bf0
2026-04-01,Slanted,2025,https://boxd.it/Nv2E
2026-05-21,The Devil Wears Prada 2,2026,https://boxd.it/Oags
2026-05-21,Wuthering Heights,2026,https://boxd.it/OdIa
2026-06-22,It Follows,2014,https://boxd.it/87wo
2026-06-27,Under the Skin,2013,https://boxd.it/3mDa
2026-07-13,Trainspotting,1996,https://boxd.it/29XY
2026-07-14,The Sheep Detectives,2026,https://boxd.it/NDSe
2026-07-16,The Odyssey,2026,https://boxd.it/QFQU
2026-07-23,All of Us Strangers,2023,https://boxd.it/Bz3C
2026-07-26,Dinner in America,2020,https://boxd.it/oinu
2026-07-28,Triangle,2009,https://boxd.it/1tQG
2026-07-29,Short Term 12,2013,https://boxd.it/5f6s
2026-08-01,Finding Emily,2026,https://boxd.it/PNes
2026-08-19,Waves,2019,https://boxd.it/jpmy
2026-08-26,Hal & Harper,2025,https://boxd.it/SQRe
2026-09-04,Josephine,2026,https://boxd.it/NzPA
2026-09-06,The Extraordinary Adventures of Adèle Blanc-Sec,2010,https://boxd.it/1cke
2026-09-09,Forgotten Island,2026,https://boxd.it/Uitc
